group,trait,nfl_split_half,combine_retest,retest_drills,combine_cross_drill,cross_pairs
WR,top_speed,0.9173867605558255,0.7695108295902398,2,0.05157864361141121,104
WR,burst,0.9464154013777738,0.33149096531195377,2,0.12331849066210984,104
WR,brake,0.6310260312334701,0.465090952739057,2,0.01969437765459936,104
WR,bend,0.764269010107991,0.37467584838446316,2,0.1089734460738645,104
DB,top_speed,0.5384765889917218,0.5567515083824066,3,0.1907452109066054,36
DB,burst,0.7183994819454861,0.3457893082505804,3,0.029612745889535236,36
DB,brake,0.6478204800287569,0.5265038002236269,3,0.01214428120477771,36
DB,bend,0.7250584122465228,0.3675007026637118,3,0.012725895865381271,36
OL,top_speed,0.8058369272078648,0.704451025929963,2,0.2773405893629234,45
OL,burst,0.8996073918489573,0.40775643045112053,2,0.1017357137041609,45
OL,brake,0.7631734421785822,0.1901471177014539,2,0.04966592637544493,45
OL,bend,0.7564284118171277,0.2394241290135551,2,0.0807844068462667,45
DL,top_speed,0.7981131353867004,0.5135374775095856,3,0.3106708495924545,51
DL,burst,0.8282310650411856,0.12987493972674188,3,0.1354213759841453,51
DL,brake,0.682972543835629,0.32793468531329256,3,0.0306781022576924,51
DL,bend,0.785676184322562,0.3542280482058433,3,0.030011936214436274,51
