group,trait,source,official,n,rho,partial,p_fwer
WR,top_speed,FORTY_YARD_DASH,false,64,0.6294028091393261,0.5834160027327704,0.003
WR,top_speed,CURL_ROUTE_RIGHT,false,66,-0.06473228264273043,-0.13036177677199856,1.0
WR,top_speed,GO_ROUTE_RIGHT,false,62,0.4860869784190778,0.4079966024823259,0.06
WR,top_speed,DAGGER_ROUTE_LEFT,false,70,0.024547283702213277,0.0042932575689203665,1.0
WR,top_speed,POST_CORNER_ROUTE_LEFT,false,53,-0.05781325592646347,-0.11476882723835706,1.0
WR,top_speed,GAUNTLET_DRILL,false,70,0.1440818825999475,0.10562123209361265,1.0
WR,top_speed,COMEBACK_ROUTE_RIGHT,false,62,0.056432726448591077,-0.0021526535511690015,1.0
WR,top_speed,SLOT_SAIL_ROUTE_RIGHT,false,64,-0.015338827838827836,-0.05041991518186534,1.0
WR,top_speed,SLANT_ROUTE_LEFT,false,70,-0.0671332341877351,-0.12240085240433483,1.0
WR,top_speed,OVER_SHOULDER_ADJUST,false,67,0.09553835102562057,0.041699691254232805,1.0
WR,top_speed,SLOT_STRIKE_ROUTE_LEFT,false,67,0.17423577300662466,0.16328983312054277,0.995
WR,top_speed,RED_ZONE_FADE_RIGHT,false,63,0.017185099846390172,-0.02675550144652264,1.0
WR,top_speed,SPEED_OUT_ROUTE_LEFT,false,70,0.1681217741229989,0.134615066892872,0.999
WR,top_speed,POST_CORNER_ROUTE_RIGHT,false,61,0.19301956636700157,0.1711729790500413,0.985
WR,top_speed,forty,true,65,0.5482718073295436,0.4913121427909293,0.009
WR,top_speed,ten_yd_split,true,65,0.2223526404290597,0.1991339640507784,0.917
WR,top_speed,short_shuttle,true,28,-0.27048531832663025,-0.1377821148063632,0.999
WR,top_speed,vertical,true,62,0.10042478176577262,0.12415102912849045,1.0
WR,top_speed,broad_jump,true,63,0.1858884406846248,0.26695536506082146,0.564
WR,burst,CURL_ROUTE_RIGHT,false,66,-0.14468218348815365,-0.18131084754119306,0.961
WR,burst,RED_ZONE_FADE_RIGHT,false,63,-0.0019201228878648236,-0.05213455205771659,1.0
WR,burst,SLOT_SAIL_ROUTE_RIGHT,false,64,-0.07866300366300366,-0.13131765375212653,0.998
WR,burst,GAUNTLET_DRILL,false,70,0.06835797393053976,0.07671775234077631,1.0
WR,burst,COMEBACK_ROUTE_RIGHT,false,62,-0.26247135554380396,-0.2528006652154412,0.634
WR,burst,SLANT_ROUTE_LEFT,false,70,-0.03410025369608958,0.010481699341990633,1.0
WR,burst,GO_ROUTE_RIGHT,false,62,-0.06942660723728943,-0.17734346954495978,0.969
WR,burst,OVER_SHOULDER_ADJUST,false,67,-0.24028254449676756,-0.28079038687104513,0.458
WR,burst,FORTY_YARD_DASH,false,64,0.08232600732600732,0.10707211476929773,1.0
WR,burst,POST_CORNER_ROUTE_LEFT,false,53,-0.010240283825189486,0.02650907902309432,1.0
WR,burst,SPEED_OUT_ROUTE_LEFT,false,70,-0.12802029568716647,-0.1420821030169936,0.995
WR,burst,POST_CORNER_ROUTE_RIGHT,false,61,-0.2837123215230037,-0.371849828417703,0.112
WR,burst,DAGGER_ROUTE_LEFT,false,70,-0.10163590237074621,-0.08361942027340391,1.0
WR,burst,SLOT_STRIKE_ROUTE_LEFT,false,67,0.002593981961848512,-0.022829319018647768,1.0
WR,burst,forty,true,65,0.031772456267660336,-0.060088016182844116,1.0
WR,burst,ten_yd_split,true,65,0.20000497689500615,0.17057010469135098,0.979
WR,burst,short_shuttle,true,28,-0.24746529123500216,-0.19776966271122773,0.925
WR,burst,vertical,true,62,0.07264126568369267,0.06852452045772794,1.0
WR,burst,broad_jump,true,63,0.15441743136146358,0.1905514211473143,0.94
WR,brake,POST_CORNER_ROUTE_RIGHT,false,61,-0.11427815970386036,-0.16787758449875265,0.977
WR,brake,CURL_ROUTE_RIGHT,false,66,0.2287235152906795,0.22478346777346625,0.821
WR,brake,SLANT_ROUTE_LEFT,false,70,-0.1663371533549121,-0.13402894296931667,0.997
WR,brake,COMEBACK_ROUTE_RIGHT,false,62,0.20248797562388254,0.1866242114639002,0.947
WR,brake,FORTY_YARD_DASH,false,64,0.054945054945054944,0.09574849442709232,1.0
WR,brake,SPEED_OUT_ROUTE_LEFT,false,70,0.12595573440643862,0.10395578716118926,1.0
WR,brake,RED_ZONE_FADE_RIGHT,false,63,0.21846198156682028,0.23823745436788796,0.733
WR,brake,SLOT_STRIKE_ROUTE_LEFT,false,67,0.053196583925293334,0.09047136785770016,1.0
WR,brake,DAGGER_ROUTE_LEFT,false,70,0.045297874201732126,0.08791003042529398,1.0
WR,brake,GAUNTLET_DRILL,false,70,-0.029936138570553758,0.004512918226826696,1.0
WR,brake,GO_ROUTE_RIGHT,false,62,-0.03694190526554355,-0.08289039373269082,1.0
WR,brake,OVER_SHOULDER_ADJUST,false,67,0.028334264506345283,-0.012471230079754701,1.0
WR,brake,SLOT_SAIL_ROUTE_RIGHT,false,64,-0.03969780219780219,-0.06144804452296064,1.0
WR,brake,POST_CORNER_ROUTE_LEFT,false,53,0.06329624254152556,0.1178487831786335,0.999
WR,brake,forty,true,65,-0.07026264261395133,-0.11385066775433081,0.999
WR,brake,ten_yd_split,true,65,0.08476243979484227,0.05266370403560214,1.0
WR,brake,short_shuttle,true,28,-0.06357912244354429,-0.07816684703807233,1.0
WR,brake,vertical,true,62,-0.08645725049905424,-0.11818863431540753,0.999
WR,brake,broad_jump,true,63,0.03419191525546207,0.038990474319561264,1.0
WR,bend,SLOT_STRIKE_ROUTE_LEFT,false,67,-0.005786575145662065,-0.004077853941956143,1.0
WR,bend,SLOT_SAIL_ROUTE_RIGHT,false,64,0.2581501831501832,0.20383607069165605,0.889
WR,bend,POST_CORNER_ROUTE_LEFT,false,53,-0.06232865666827931,-0.05007154842729031,1.0
WR,bend,COMEBACK_ROUTE_RIGHT,false,62,0.059656014706252675,0.03479978109506315,1.0
WR,bend,DAGGER_ROUTE_LEFT,false,70,0.3437494532411863,0.3507673888575385,0.153
WR,bend,OVER_SHOULDER_ADJUST,false,67,-0.04086519275281348,-0.0172808776392812,1.0
WR,bend,SPEED_OUT_ROUTE_LEFT,false,70,-0.036339777797218094,-0.03397871953938524,1.0
WR,bend,SLANT_ROUTE_LEFT,false,70,0.12333129210042867,0.09295858444278525,1.0
WR,bend,POST_CORNER_ROUTE_RIGHT,false,61,-0.0835536753040719,-0.08021448504016142,1.0
WR,bend,CURL_ROUTE_RIGHT,false,66,0.07316564032981945,0.056120517929359515,1.0
WR,bend,FORTY_YARD_DASH,false,64,0.06909340659340658,0.03153094430823595,1.0
WR,bend,RED_ZONE_FADE_RIGHT,false,63,0.03734639016897082,0.04139707398106438,1.0
WR,bend,GAUNTLET_DRILL,false,70,0.10296561980579126,0.09209300124395338,1.0
WR,bend,GO_ROUTE_RIGHT,false,62,0.017853995114703734,0.02364575952016035,1.0
WR,bend,forty,true,65,-0.013916861009801636,-0.1091180602032281,0.999
WR,bend,ten_yd_split,true,65,0.07195771345037963,0.031372174508366914,1.0
WR,bend,short_shuttle,true,28,0.08002199893756438,0.13119265243284092,0.998
WR,bend,vertical,true,62,-0.06524074730910229,-0.08126798088203765,1.0
WR,bend,broad_jump,true,63,-0.14871075254769983,-0.1298156330178175,0.998
DB,top_speed,BACK_PEDAL_AND_TRANSITION_45_DEGREE_REACTION,false,79,0.1015335929892892,0.07690260287380345,1.0
DB,top_speed,TERYL_AUSTIN_DRILL_2,false,73,-0.15370850302357153,-0.08024645145234062,1.0
DB,top_speed,GAUNTLET_DRILL,false,77,0.1287133918712866,0.28523077862721596,0.197
DB,top_speed,BACK_PEDAL_AND_90_DEGREE_BREAK_TO_BALL,false,79,-0.13605160662122687,0.06108663925722311,1.0
DB,top_speed,LINE_DRILL,false,77,-0.10939060939060938,-0.03443474754616135,1.0
DB,top_speed,FORTY_YARD_DASH,false,68,0.16165973203038514,0.08582115136864327,1.0
DB,top_speed,TERYL_AUSTIN_DRILL_1,false,66,0.03496503496503497,0.06828308363332937,1.0
DB,top_speed,W_DRILL,false,79,0.024488802336903606,-0.05055710543776977,1.0
DB,top_speed,BOX_DRILL,false,79,-0.0017526777020447906,0.09132386770008014,1.0
DB,top_speed,forty,true,69,0.2364651487360493,0.039027593433575786,1.0
DB,top_speed,ten_yd_split,true,69,0.09315554131453059,-0.05199520327093808,1.0
DB,top_speed,vertical,true,66,0.047706279120782145,-0.018726093910737467,1.0
DB,top_speed,broad_jump,true,61,0.26482816435233614,0.21318208157449645,0.598
DB,burst,TERYL_AUSTIN_DRILL_2,false,73,0.1069974083672714,0.02407868071069658,1.0
DB,burst,BACK_PEDAL_AND_90_DEGREE_BREAK_TO_BALL,false,79,0.04067672833495618,0.05518509057222564,1.0
DB,burst,W_DRILL,false,79,-0.08897273612463487,-0.1366636798687402,0.981
DB,burst,BACK_PEDAL_AND_TRANSITION_45_DEGREE_REACTION,false,79,-0.023782862706913342,-0.1347617310880694,0.982
DB,burst,FORTY_YARD_DASH,false,68,0.0489369011718899,0.014977955211271682,1.0
DB,burst,TERYL_AUSTIN_DRILL_1,false,66,-0.027032668823713604,-0.17642618075312613,0.889
DB,burst,LINE_DRILL,false,77,-0.0157736999842263,0.0785951389541684,1.0
DB,burst,BOX_DRILL,false,79,-0.17115384615384616,-0.19717571606369838,0.787
DB,burst,GAUNTLET_DRILL,false,77,0.08893737841106261,0.16060613537089502,0.943
DB,burst,forty,true,69,-0.1551310893765819,-0.024544870184661796,1.0
DB,burst,ten_yd_split,true,69,-0.05316870445660598,0.056458477571593974,1.0
DB,burst,vertical,true,66,0.05843548613041005,0.03799598034065183,1.0
DB,burst,broad_jump,true,61,0.06943358256810975,0.17747947602360115,0.887
DB,brake,BOX_DRILL,false,79,-0.2501460564751704,-0.1582031430709829,0.932
DB,brake,LINE_DRILL,false,77,0.08759661391240338,0.10990007990147564,0.995
DB,brake,GAUNTLET_DRILL,false,77,-0.029601976970398017,-0.027413279759681195,1.0
DB,brake,TERYL_AUSTIN_DRILL_1,false,66,-0.12101033295063147,-0.16178960554528143,0.922
DB,brake,BACK_PEDAL_AND_90_DEGREE_BREAK_TO_BALL,false,79,0.20455209347614411,0.1702765079873823,0.884
DB,brake,BACK_PEDAL_AND_TRANSITION_45_DEGREE_REACTION,false,79,0.019230769230769232,-0.07628167356996937,1.0
DB,brake,TERYL_AUSTIN_DRILL_2,false,73,0.165093175367148,0.16961327755841754,0.888
DB,brake,W_DRILL,false,79,-0.138412852969815,-0.17613648305509813,0.862
DB,brake,FORTY_YARD_DASH,false,68,0.15108600221399396,0.18967179902237405,0.793
DB,brake,forty,true,69,-0.04769183372697512,0.0387528330041217,1.0
DB,brake,ten_yd_split,true,69,-0.10824942318136098,-0.02198255670134721,1.0
DB,brake,vertical,true,66,-0.0018195731185918663,0.0011800291086581582,1.0
DB,brake,broad_jump,true,61,0.015370793087596814,0.053158119953509504,1.0
DB,bend,GAUNTLET_DRILL,false,77,-0.12540091487459906,-0.06840024014260654,1.0
DB,bend,W_DRILL,false,79,0.1379016553067186,0.15968154853180783,0.922
DB,bend,BACK_PEDAL_AND_90_DEGREE_BREAK_TO_BALL,false,79,-0.06200097370983448,-0.08805756154389204,0.998
DB,bend,TERYL_AUSTIN_DRILL_2,false,73,0.10273972602739728,0.11831823896702004,0.989
DB,bend,BACK_PEDAL_AND_TRANSITION_45_DEGREE_REACTION,false,79,0.15910418695228823,0.14602970039248428,0.962
DB,bend,FORTY_YARD_DASH,false,68,-0.07363438561667365,-0.16436517263818382,0.91
DB,bend,BOX_DRILL,false,79,0.3261441090555015,0.349045130228402,0.06
DB,bend,LINE_DRILL,false,77,-0.22403911877596086,-0.2377944287876079,0.5
DB,bend,TERYL_AUSTIN_DRILL_1,false,66,0.1458094144661309,0.07413621981725645,1.0
DB,bend,forty,true,69,0.20741465699901954,0.20234034831136888,0.722
DB,bend,ten_yd_split,true,69,0.17903072060803216,0.12528239294914856,0.987
DB,bend,vertical,true,66,0.3769862696852688,0.336126385799697,0.073
DB,bend,broad_jump,true,61,0.3173803758914818,0.35963253870034767,0.048
OL,top_speed,SCREEN_DRILL,false,75,0.06770981507823612,0.060621634697285806,1.0
OL,top_speed,OL_PULL_DRILL_FOLD_BLOCK_RIGHT,false,76,0.07133287764866712,0.07129234144882134,1.0
OL,top_speed,FORTY_YARD_DASH,false,63,0.12629608294930877,0.11255091735869964,0.999
OL,top_speed,PASS_PRO_MIRROR_DRILL,false,77,-0.05415636994584363,-0.05756776347456514,1.0
OL,top_speed,SHORT_SHUTTLE,false,39,0.010121457489878543,0.03371500914858792,1.0
OL,top_speed,OL_PULL_DRILL_LONG_PULL_RIGHT,false,62,0.025106393694442345,0.025650041628523367,1.0
OL,top_speed,THREE_CONE_DRILL,false,32,-0.041788856304985335,-0.032184331531473855,1.0
OL,top_speed,PASS_RUSH_DROP,false,76,-0.10947368421052632,-0.10103833503658173,1.0
OL,top_speed,FIVE_YARD_WAVE_DRILL_SLIDE_AND_SHUFFLE,false,77,-0.10691939639308061,-0.14732327494922356,0.989
OL,top_speed,OL_PULL_DRILL_DEEP_SHORT_PULL_LEFT,false,65,0.06005244755244755,0.05052783747543604,1.0
OL,top_speed,forty,true,63,0.07411678672420417,0.05274669251379343,1.0
OL,top_speed,ten_yd_split,true,63,0.11330945204368374,0.07361525522490828,1.0
OL,top_speed,three_cone,true,37,-0.010792221328190198,-0.05541962511842219,1.0
OL,top_speed,short_shuttle,true,42,-0.0857189479827316,-0.13239926054450965,0.997
OL,top_speed,vertical,true,64,-0.04125027662591421,-0.071366774126067,1.0
OL,top_speed,broad_jump,true,65,-0.11697463180277996,-0.158131977555274,0.98
OL,burst,OL_PULL_DRILL_DEEP_SHORT_PULL_LEFT,false,65,0.13369755244755244,0.10178455484016229,1.0
OL,burst,OL_PULL_DRILL_FOLD_BLOCK_RIGHT,false,76,-0.09408065618591935,-0.07434912606971827,1.0
OL,burst,FIVE_YARD_WAVE_DRILL_SLIDE_AND_SHUFFLE,false,77,0.033124769966875224,0.1124157852605401,1.0
OL,burst,SHORT_SHUTTLE,false,39,-0.30971659919028344,-0.056803239649718416,1.0
OL,burst,THREE_CONE_DRILL,false,32,0.29545454545454547,0.34877272720793034,0.21
OL,burst,PASS_RUSH_DROP,false,76,0.14671223513328774,0.03237540789899775,1.0
OL,burst,PASS_PRO_MIRROR_DRILL,false,77,0.1723013828276986,0.16772657882839528,0.97
OL,burst,OL_PULL_DRILL_LONG_PULL_RIGHT,false,62,0.004960842084057314,0.03912486262171655,1.0
OL,burst,FORTY_YARD_DASH,false,63,0.22052611367127495,0.28816458517997795,0.478
OL,burst,SCREEN_DRILL,false,75,0.24603129445234706,0.35575021105826327,0.189
OL,burst,forty,true,63,0.21848360623139512,0.16623995302504768,0.972
OL,burst,ten_yd_split,true,63,0.18570627875807305,0.1939048784710515,0.922
OL,burst,three_cone,true,37,-0.275735325143321,-0.13025212924610433,0.997
OL,burst,short_shuttle,true,42,-0.30735554669304893,-0.13986838645190908,0.994
OL,burst,vertical,true,64,0.042558716118222005,0.09753974001327398,1.0
OL,burst,broad_jump,true,65,0.08614224009305509,0.05593645006358974,1.0
OL,brake,SHORT_SHUTTLE,false,39,-0.009716599190283401,0.16278313057221414,0.985
OL,brake,THREE_CONE_DRILL,false,32,0.38306451612903225,0.26112047801894805,0.633
OL,brake,PASS_PRO_MIRROR_DRILL,false,77,0.14188443135811554,0.09633547881868006,1.0
OL,brake,OL_PULL_DRILL_LONG_PULL_RIGHT,false,62,-0.064591674850797,-0.026472713627468024,1.0
OL,brake,PASS_RUSH_DROP,false,76,0.15256322624743676,-0.006297923267696188,1.0
OL,brake,FORTY_YARD_DASH,false,63,-0.0017761136712749616,-0.14173028312739253,0.996
OL,brake,SCREEN_DRILL,false,75,-0.13462304409672832,-0.12289880835223556,0.998
OL,brake,OL_PULL_DRILL_DEEP_SHORT_PULL_LEFT,false,65,0.09895104895104895,0.03698687271148438,1.0
OL,brake,FIVE_YARD_WAVE_DRILL_SLIDE_AND_SHUFFLE,false,77,0.05568116094431883,0.09480849109761126,1.0
OL,brake,OL_PULL_DRILL_FOLD_BLOCK_RIGHT,false,76,-0.13238550922761447,-0.18871924894680392,0.935
OL,brake,forty,true,63,0.1363691234672817,0.015392633603623978,1.0
OL,brake,ten_yd_split,true,63,0.1598021650134228,0.13236641475345923,0.998
OL,brake,three_cone,true,37,-0.08503321639903705,0.10978449230341801,0.999
OL,brake,short_shuttle,true,42,-0.2981916478074778,-0.17056032008646485,0.977
OL,brake,vertical,true,64,-0.11192896428934761,-0.12001959528653497,0.998
OL,brake,broad_jump,true,65,0.08224162479502309,-0.0005196666815647844,1.0
OL,bend,FIVE_YARD_WAVE_DRILL_SLIDE_AND_SHUFFLE,false,77,0.0030232924969767075,-0.05705612618346703,1.0
OL,bend,THREE_CONE_DRILL,false,31,-0.14112903225806453,0.06349899888663185,1.0
OL,bend,OL_PULL_DRILL_DEEP_SHORT_PULL_LEFT,false,65,0.03518356643356643,-0.004284361997682196,1.0
OL,bend,OL_PULL_DRILL_LONG_PULL_RIGHT,false,62,-0.020775100098209563,-0.06762582825838871,1.0
OL,bend,SHORT_SHUTTLE,false,38,0.0031732136995294884,-0.009055112302742786,1.0
OL,bend,PASS_RUSH_DROP,false,76,0.10299384825700615,-0.010302267002105295,1.0
OL,bend,SCREEN_DRILL,false,75,-0.06739687055476529,-0.06649413074821225,1.0
OL,bend,PASS_PRO_MIRROR_DRILL,false,77,0.02912876597087123,0.06059322397118198,1.0
OL,bend,FORTY_YARD_DASH,false,63,0.03518625192012289,0.04564907154635152,1.0
OL,bend,OL_PULL_DRILL_FOLD_BLOCK_RIGHT,false,76,-0.07685577580314423,-0.14302299134690802,0.994
OL,bend,forty,true,63,0.035545315732930065,-0.06826191471979146,1.0
OL,bend,ten_yd_split,true,63,0.07523497473840857,0.036062362815819635,1.0
OL,bend,three_cone,true,37,-0.18216320835274885,-0.07222908923858486,1.0
OL,bend,short_shuttle,true,42,-0.10201933449600412,0.0739258197628884,1.0
OL,bend,vertical,true,64,0.0026857442210528448,0.01642430397228695,1.0
OL,bend,broad_jump,true,65,-0.010365118179601897,-0.09870829136711155,1.0
DL,top_speed,BODY_CONTROL_DRILL,false,83,0.5265731917215901,0.03458834222068297,1.0
DL,top_speed,BACK_PEDAL_AND_REACT,false,45,0.22951251646903817,0.14066170016931395,0.996
DL,top_speed,FOUR_BAG_AGILITY_DRILL,false,84,0.4986939354054875,0.021990861255870728,1.0
DL,top_speed,SHORT_SHUTTLE,false,25,0.15153846153846154,-0.11382141285932192,0.999
DL,top_speed,FORTY_YARD_DASH,false,70,0.6444755489458489,0.05790444946981388,1.0
DL,top_speed,THREE_CONE_DRILL,false,34,0.11963330786860198,-0.14118216701541397,0.996
DL,top_speed,FRONT_START_WAVE_DRILL_AND_LATERAL_REACTION,false,84,0.5227295737572137,0.029256531379628338,1.0
DL,top_speed,RUN_AND_CLUB_DRILL,false,84,0.30808950086058523,0.011044333347315067,1.0
DL,top_speed,PASS_RUSH_DRILL,false,88,0.5864886759888698,0.0942029504550085,1.0
DL,top_speed,SHORT_ZONE_BREAKS,false,32,-0.2408357771260997,-0.25333579398935757,0.735
DL,top_speed,RUN_THE_HOOP_DRILL,false,81,0.5373757904245708,0.10523770341537633,1.0
DL,top_speed,forty,true,71,0.6648887902697421,0.04066470225767799,1.0
DL,top_speed,ten_yd_split,true,71,0.6401777651431683,-0.018397609795187328,1.0
DL,top_speed,three_cone,true,31,0.5222918043454253,-0.1659092136500286,0.98
DL,top_speed,short_shuttle,true,32,0.49642530623315523,-0.13243943945985767,0.997
DL,top_speed,vertical,true,78,0.474882681029733,-0.04196732253981592,1.0
DL,top_speed,broad_jump,true,76,0.6400704555395329,-0.06730816724768668,1.0
DL,burst,FOUR_BAG_AGILITY_DRILL,false,84,0.5659815733522324,0.2170749158982331,0.912
DL,burst,SHORT_SHUTTLE,false,25,0.7138461538461538,0.5934319006491183,0.006
DL,burst,PASS_RUSH_DRILL,false,88,0.3618047972949175,0.030971117665175452,1.0
DL,burst,RUN_THE_HOOP_DRILL,false,81,0.38432700993676605,0.2915665531496797,0.606
DL,burst,FORTY_YARD_DASH,false,70,0.5176624967194471,0.31423941590170834,0.494
DL,burst,BODY_CONTROL_DRILL,false,83,0.46257503883128326,0.11124555359389132,1.0
DL,burst,THREE_CONE_DRILL,false,34,0.3020626432391138,-0.025953633540114745,1.0
DL,burst,FRONT_START_WAVE_DRILL_AND_LATERAL_REACTION,false,84,0.4773109243697479,0.30548789173921626,0.538
DL,burst,BACK_PEDAL_AND_REACT,false,45,-0.010540184453227932,0.012371545626294996,1.0
DL,burst,RUN_AND_CLUB_DRILL,false,84,0.22184873949579834,0.09281862768615806,1.0
DL,burst,SHORT_ZONE_BREAKS,false,32,0.45454545454545453,0.22883170024149552,0.873
DL,burst,forty,true,71,0.8315596590397134,0.33014410984779125,0.443
DL,burst,ten_yd_split,true,71,0.8025444907046559,0.21188110575242183,0.926
DL,burst,three_cone,true,31,0.8216664809188555,0.4460981411319174,0.101
DL,burst,short_shuttle,true,32,0.747754366368183,0.33098327729644345,0.435
DL,burst,vertical,true,78,0.6774942282125108,0.29120660107961377,0.609
DL,burst,broad_jump,true,76,0.7881097704067407,0.09321855478835189,1.0
DL,brake,BACK_PEDAL_AND_REACT,false,45,0.1462450592885375,0.3768603095509318,0.266
DL,brake,THREE_CONE_DRILL,false,34,0.18594346829640948,-0.4470298657830534,0.112
DL,brake,FOUR_BAG_AGILITY_DRILL,false,84,0.2608686848233269,-0.0034281890683781962,1.0
DL,brake,RUN_AND_CLUB_DRILL,false,84,0.30855522932064394,-0.00037936534821501,1.0
DL,brake,FORTY_YARD_DASH,false,70,-0.04935701163502756,0.2114249850102525,0.922
DL,brake,FRONT_START_WAVE_DRILL_AND_LATERAL_REACTION,false,84,0.377462792345854,0.09087251489939571,1.0
DL,brake,BODY_CONTROL_DRILL,false,83,0.2771294236178162,0.09744875938180622,1.0
DL,brake,SHORT_SHUTTLE,false,25,0.6399999999999999,0.6283609610931282,0.004
DL,brake,RUN_THE_HOOP_DRILL,false,81,0.2822944896115628,-0.11360148888345126,1.0
DL,brake,PASS_RUSH_DRILL,false,88,-0.12546229438906698,-0.044401820766585935,1.0
DL,brake,SHORT_ZONE_BREAKS,false,32,0.01722873900293255,0.1227253583992348,1.0
DL,brake,forty,true,71,0.668696205708082,0.022277822094042225,1.0
DL,brake,ten_yd_split,true,71,0.6473503899946843,-0.05862593655576096,1.0
DL,brake,three_cone,true,31,0.551745108105345,-0.019437890603089907,1.0
DL,brake,short_shuttle,true,32,0.5605866272012513,0.09770650508010771,1.0
DL,brake,vertical,true,78,0.5220354995512779,-0.007546340472010381,1.0
DL,brake,broad_jump,true,76,0.7109063981727829,-0.03919767910226364,1.0
DL,bend,SHORT_ZONE_BREAKS,false,32,-0.2467008797653959,-0.22968408796673906,0.871
DL,bend,RUN_THE_HOOP_DRILL,false,81,0.3504742547425474,0.1959651110122519,0.958
DL,bend,BACK_PEDAL_AND_REACT,false,45,-0.2168642951251647,-0.1566389993862821,0.997
DL,bend,BODY_CONTROL_DRILL,false,83,0.40982746316275553,0.1355184482676003,0.999
DL,bend,FOUR_BAG_AGILITY_DRILL,false,84,0.15555330565961326,-0.0954467053095669,1.0
DL,bend,PASS_RUSH_DRILL,false,88,0.47823253848050445,0.16430897617740514,0.993
DL,bend,FRONT_START_WAVE_DRILL_AND_LATERAL_REACTION,false,84,0.20631770780601397,-0.22468679094310132,0.886
DL,bend,THREE_CONE_DRILL,false,34,-0.16149732620320856,-0.3488667895507814,0.346
DL,bend,SHORT_SHUTTLE,false,25,-0.2953846153846154,-0.1859291704309231,0.971
DL,bend,FORTY_YARD_DASH,false,70,-0.018703525500831073,0.03183638204794514,1.0
DL,bend,RUN_AND_CLUB_DRILL,false,84,0.18086463501063077,0.03314156650020233,1.0
DL,bend,forty,true,71,0.7318456291677723,0.16252931197347437,0.995
DL,bend,ten_yd_split,true,71,0.7335058767942779,0.1644275684289641,0.993
DL,bend,three_cone,true,31,0.5604197112675131,0.014137248307271803,1.0
DL,bend,short_shuttle,true,32,0.49019249219625444,-0.1002506393581722,1.0
DL,bend,vertical,true,78,0.5530234457904033,0.0334959849847788,1.0
DL,bend,broad_jump,true,76,0.7046211289540197,-0.02366186614035457,1.0
