budget,trait,rho,half80,pairs,role,mu_n,sd_n,mu_L,sd_L,players
10,top_speed,0.31900127203443895,1.19925417843395,493,WR,8.445364159212431,0.6050154736419616,8.63610737080212,0.3649944517910455,101
10,top_speed,0.31900127203443895,1.19925417843395,493,IDL,5.545943510700044,0.6551967736426486,5.4222577278115045,0.3134886302874321,44
10,top_speed,0.31900127203443895,1.19925417843395,493,IOL,4.484428528620239,0.7519003739874037,4.440875686265188,0.2741075686725198,69
10,top_speed,0.31900127203443895,1.19925417843395,493,OT,4.328056711183202,0.6186116516228003,4.452700772582407,0.24390681336423586,48
10,top_speed,0.31900127203443895,1.19925417843395,493,S,7.3856237187737355,0.6856928331552452,7.357136849240651,0.18009542258291017,52
10,top_speed,0.31900127203443895,1.19925417843395,493,EDGE,5.98395494926193,0.8705255013620364,6.077618463337858,0.4336711626585112,78
10,top_speed,0.31900127203443895,1.19925417843395,493,CB,7.493303839154743,0.7986295198159966,7.609423901721767,0.25947415135246304,69
10,top_speed,0.31900127203443895,1.19925417843395,493,TE,7.32556013705731,0.7095372535442275,7.58934046671986,0.3098691134324313,32
10,burst,0.35294692533410604,1.1719040296518204,493,S,5.691286999847604,0.6717015562209442,5.895317124433152,0.2691628251710725,52
10,burst,0.35294692533410604,1.1719040296518204,493,EDGE,5.11623794953684,0.751292273143503,5.338850838402459,0.4448930189136077,78
10,burst,0.35294692533410604,1.1719040296518204,493,CB,5.650154530853566,0.7899575555438819,5.657137673419666,0.3110894836164511,69
10,burst,0.35294692533410604,1.1719040296518204,493,IOL,3.727630120697712,0.48198075065285323,3.8454995116446384,0.24000569375298444,69
10,burst,0.35294692533410604,1.1719040296518204,493,IDL,4.30439748699282,0.6058834056029335,4.513834850576275,0.2672053318565912,44
10,burst,0.35294692533410604,1.1719040296518204,493,WR,6.0621651972644734,0.4952800387323457,6.1308071464244325,0.2347044572355895,101
10,burst,0.35294692533410604,1.1719040296518204,493,OT,3.925634623931199,0.43939560665162497,4.091174995755714,0.24895197388750231,48
10,burst,0.35294692533410604,1.1719040296518204,493,TE,5.403546155877526,0.727882935280986,5.4587515741642125,0.3183678654844511,32
10,brake,0.22640961195660822,1.2019538909963934,493,IOL,3.6317859848813727,0.6888079367692997,3.537362466716932,0.19717385531336423,69
10,brake,0.22640961195660822,1.2019538909963934,493,TE,5.375685613372473,1.0252392236306183,5.265225295815393,0.44124659871994343,32
10,brake,0.22640961195660822,1.2019538909963934,493,IDL,3.79917087338153,0.5557254985289147,4.120388037033101,0.27667547040098095,44
10,brake,0.22640961195660822,1.2019538909963934,493,S,5.425404606597384,0.8659477283212108,5.762538717762857,0.3534460269210369,52
10,brake,0.22640961195660822,1.2019538909963934,493,EDGE,4.649610156269309,0.853609238236326,4.8906643809638695,0.4328259821962448,78
10,brake,0.22640961195660822,1.2019538909963934,493,CB,5.399669348419939,1.1725673964785335,5.633077432363722,0.3340873792569761,69
10,brake,0.22640961195660822,1.2019538909963934,493,WR,6.024568672387574,1.0003677177601547,6.138486755544167,0.37143813575394785,101
10,brake,0.22640961195660822,1.2019538909963934,493,OT,3.6421075140429244,0.5130796570634705,3.8369101078335732,0.21360298161457983,48
10,bend,0.2355074882894554,1.192277937814065,493,S,6.038434953112658,0.7819365022387104,6.315380338524936,0.31770072455390536,52
10,bend,0.2355074882894554,1.192277937814065,493,EDGE,5.035725788180254,0.8997730251494422,5.168420942812143,0.5512068507309499,78
10,bend,0.2355074882894554,1.192277937814065,493,OT,3.505838488441952,0.4929707747225786,3.7192811153425196,0.22188631288391783,48
10,bend,0.2355074882894554,1.192277937814065,493,TE,5.887044215871564,0.6893038360316038,6.051860396234528,0.3799994640275512,32
10,bend,0.2355074882894554,1.192277937814065,493,CB,5.924248392260356,0.9667965462319694,6.237250501130123,0.27790662988164794,69
10,bend,0.2355074882894554,1.192277937814065,493,IDL,4.041649472099675,0.9301094012212712,4.222248373432136,0.27762562497814763,44
10,bend,0.2355074882894554,1.192277937814065,493,WR,6.471285898486423,0.8120566585463869,6.731290988144813,0.3366843932668394,101
10,bend,0.2355074882894554,1.192277937814065,493,IOL,3.3588199306737416,0.7367407709351494,3.4363302166460405,0.22717155325176505,69
20,top_speed,0.3726248855757752,1.1593274693195292,483,TE,7.418470898072145,0.48045125727934207,7.59032158098146,0.31293625270850345,29
20,top_speed,0.3726248855757752,1.1593274693195292,483,IOL,4.5590887083967875,0.5980014926706405,4.437885241609191,0.2766164967217717,69
20,top_speed,0.3726248855757752,1.1593274693195292,483,WR,8.570183851114015,0.5159879232347098,8.633196427230741,0.3648048136714532,99
20,top_speed,0.3726248855757752,1.1593274693195292,483,EDGE,6.0155717576321255,0.6756600039000884,6.0560413601606795,0.41407945151567294,76
20,top_speed,0.3726248855757752,1.1593274693195292,483,S,7.403692283764953,0.5221186515379126,7.351369740289272,0.17829861099944336,51
20,top_speed,0.3726248855757752,1.1593274693195292,483,OT,4.3937622680881345,0.5754735634242123,4.448908982479955,0.2413238180644169,48
20,top_speed,0.3726248855757752,1.1593274693195292,483,IDL,5.651201102940458,0.5133523483530991,5.4120634408550465,0.31556847064682186,44
20,top_speed,0.3726248855757752,1.1593274693195292,483,CB,7.601744925174202,0.584531560150114,7.601832648772328,0.26897653217048595,67
20,burst,0.4050269112587589,1.1288064971151115,483,CB,5.658583845741786,0.5764101267167094,5.651877527605211,0.3166534987705898,67
20,burst,0.4050269112587589,1.1288064971151115,483,EDGE,5.254666209688231,0.5281486253651396,5.336789002061988,0.45241838719930083,76
20,burst,0.4050269112587589,1.1288064971151115,483,IOL,3.881687826207742,0.5712496263172728,3.8412514702641944,0.241266653267965,69
20,burst,0.4050269112587589,1.1288064971151115,483,WR,6.123073253088144,0.397233399422902,6.125285907309369,0.2353170841014401,99
20,burst,0.4050269112587589,1.1288064971151115,483,S,5.73273110497362,0.6232960029054587,5.89429286249153,0.2738653205161685,51
20,burst,0.4050269112587589,1.1288064971151115,483,TE,5.399011442871493,0.45119746332078225,5.453602931697552,0.3198443110950063,29
20,burst,0.4050269112587589,1.1288064971151115,483,IDL,4.412149077844747,0.48429338798180593,4.513494661749859,0.269192162598531,44
20,burst,0.4050269112587589,1.1288064971151115,483,OT,4.025971115065892,0.40871911065594285,4.089693613678798,0.2500798518090485,48
20,brake,0.2776519521788811,1.1884301622667583,483,OT,3.8252688069757,0.48849994131981506,3.8317697008762663,0.21666126755325327,48
20,brake,0.2776519521788811,1.1884301622667583,483,EDGE,4.792885512413799,0.6554359324709533,4.874798141389883,0.43081020273289866,76
20,brake,0.2776519521788811,1.1884301622667583,483,IDL,3.949319765867985,0.4475128967155273,4.1193359537027705,0.28141543814285697,44
20,brake,0.2776519521788811,1.1884301622667583,483,IOL,3.657867599380424,0.45889950006631897,3.5365278907741318,0.19331564081712788,69
20,brake,0.2776519521788811,1.1884301622667583,483,TE,5.379543137573465,0.7870978116003491,5.2820614207633625,0.47163908756249384,29
20,brake,0.2776519521788811,1.1884301622667583,483,CB,5.44954461091032,0.848152209153036,5.633977108995767,0.32959760493073825,67
20,brake,0.2776519521788811,1.1884301622667583,483,WR,6.152729919526493,0.7929937040575331,6.133438894283629,0.37739748284447033,99
20,brake,0.2776519521788811,1.1884301622667583,483,S,5.647283168155565,0.7142344808512385,5.746797415673025,0.34366447638915604,51
20,bend,0.34793010604977953,1.1341852510775838,483,CB,6.1415141358827565,0.7432537239774422,6.228255180154813,0.27636668568491846,67
20,bend,0.34793010604977953,1.1341852510775838,483,WR,6.594763797453228,0.5670681371160821,6.736059178365449,0.33856621997412506,99
20,bend,0.34793010604977953,1.1341852510775838,483,OT,3.589051030330651,0.439197383476414,3.7204921242215043,0.21771902102454113,48
20,bend,0.34793010604977953,1.1341852510775838,483,IDL,4.089659981047795,0.6413258160680598,4.234937458593834,0.2810926791693355,44
20,bend,0.34793010604977953,1.1341852510775838,483,EDGE,5.208456485031244,0.7702174335648337,5.169105604469343,0.56029248601593,76
20,bend,0.34793010604977953,1.1341852510775838,483,TE,6.007513103280056,0.5399271721660022,6.022808693574699,0.3578074171927729,29
20,bend,0.34793010604977953,1.1341852510775838,483,S,6.323620893168677,0.5266067774778566,6.3019217934600285,0.3223125483417278,51
20,bend,0.34793010604977953,1.1341852510775838,483,IOL,3.3877379169818176,0.5498546436815411,3.436197423685664,0.2249425637219167,69
35,top_speed,0.4711940603295469,1.0762573127592945,467,IDL,5.566838647606636,0.502302846095076,5.409534610502575,0.32320588383749965,40
35,top_speed,0.4711940603295469,1.0762573127592945,467,CB,7.622569156474957,0.5336327401210623,7.593713346009622,0.2826732037534901,65
35,top_speed,0.4711940603295469,1.0762573127592945,467,TE,7.4650342463615855,0.3905284115146826,7.60834166039723,0.3260026354525672,25
35,top_speed,0.4711940603295469,1.0762573127592945,467,EDGE,6.065315468755699,0.5923120439913109,6.0450119851508575,0.416729451372089,73
35,top_speed,0.4711940603295469,1.0762573127592945,467,OT,4.433386714395197,0.48412956005411295,4.44806199006101,0.24622341088151328,48
35,top_speed,0.4711940603295469,1.0762573127592945,467,S,7.367951466295199,0.4279746720839696,7.35295157432422,0.17893220555594544,51
35,top_speed,0.4711940603295469,1.0762573127592945,467,IOL,4.498199296963065,0.4827177966960927,4.424648170460114,0.2726737937111775,67
35,top_speed,0.4711940603295469,1.0762573127592945,467,WR,8.615090096814782,0.47414012279745504,8.635115096830987,0.36633742941648634,98
35,burst,0.4655429599714831,1.0523074071032137,467,CB,5.683835857220684,0.4494564044324499,5.652745451034549,0.3238818475730031,65
35,burst,0.4655429599714831,1.0523074071032137,467,OT,4.018307746923161,0.3854448460991645,4.092985545357288,0.2587961940692644,48
35,burst,0.4655429599714831,1.0523074071032137,467,TE,5.42985590049618,0.3320778918627165,5.446480221938076,0.31646551416113133,25
35,burst,0.4655429599714831,1.0523074071032137,467,IOL,3.8697537392404637,0.40534414163330884,3.8395232072268244,0.24178344892931333,67
35,burst,0.4655429599714831,1.0523074071032137,467,WR,6.122237180501076,0.3448840896063424,6.130333507420959,0.23530028726923427,98
35,burst,0.4655429599714831,1.0523074071032137,467,EDGE,5.324293717928582,0.5157444461416587,5.3306940046356495,0.45782862731352203,73
35,burst,0.4655429599714831,1.0523074071032137,467,IDL,4.458815849231364,0.4244823826022661,4.524227642984938,0.27115321462599823,40
35,burst,0.4655429599714831,1.0523074071032137,467,S,5.867838883448762,0.4995823055118262,5.896034728830239,0.2796977120843819,51
35,brake,0.2809026324869273,1.2322489796818488,467,TE,5.3356975480547275,0.6025010754044586,5.276350709663974,0.43512689339545224,25
35,brake,0.2809026324869273,1.2322489796818488,467,IOL,3.6194328235671462,0.382111748152477,3.5305662373201425,0.1868187266400507,67
35,brake,0.2809026324869273,1.2322489796818488,467,OT,3.885047497973338,0.3860385548240009,3.8271913627333123,0.2230561035083602,48
35,brake,0.2809026324869273,1.2322489796818488,467,WR,6.162625847470354,0.6690945223616276,6.144264082896552,0.36742373367232534,98
35,brake,0.2809026324869273,1.2322489796818488,467,EDGE,4.842390699831788,0.595957506971413,4.848014444860934,0.4352015420775495,73
35,brake,0.2809026324869273,1.2322489796818488,467,CB,5.673483573207404,0.7022279717330975,5.633878361511111,0.32470381487879457,65
35,brake,0.2809026324869273,1.2322489796818488,467,IDL,4.059229223363543,0.3551417091328055,4.1142854576057575,0.2757578369643884,40
35,brake,0.2809026324869273,1.2322489796818488,467,S,5.735926586090877,0.6380389856881514,5.754060934074968,0.3541347818481424,51
35,bend,0.45457013585115863,1.0712408056107598,467,CB,6.246732863300226,0.47253329846758574,6.20831809430975,0.28530085345632455,65
35,bend,0.45457013585115863,1.0712408056107598,467,TE,6.171185761480186,0.4704770169837262,6.005421212487015,0.3674226052143845,25
35,bend,0.45457013585115863,1.0712408056107598,467,S,6.398499052504869,0.4954387726983994,6.300610279972979,0.3239320317542596,51
35,bend,0.45457013585115863,1.0712408056107598,467,IDL,4.106803375585807,0.6007554899495414,4.21137682578847,0.27931545329633944,40
35,bend,0.45457013585115863,1.0712408056107598,467,OT,3.67506938675386,0.4264217200210227,3.716231212160691,0.22095007600434713,48
35,bend,0.45457013585115863,1.0712408056107598,467,WR,6.647831601226201,0.48673774952009974,6.741264387379559,0.3372295751474916,98
35,bend,0.45457013585115863,1.0712408056107598,467,EDGE,5.231732899359727,0.6637100832222331,5.15270733592923,0.5739351383898775,73
35,bend,0.45457013585115863,1.0712408056107598,467,IOL,3.3875185814430315,0.4148223136371357,3.4348315067331563,0.21814284161626735,67
50,top_speed,0.4911029187977499,1.0174253497361498,453,IDL,5.493901188624971,0.48280925567533917,5.382220265972811,0.31807592521999556,37
50,top_speed,0.4911029187977499,1.0174253497361498,453,S,7.3709488465620225,0.383939930310271,7.352407759691258,0.1805991401395626,49
50,top_speed,0.4911029187977499,1.0174253497361498,453,IOL,4.504150887026001,0.44563890695725866,4.429020705655488,0.2757652543306299,66
50,top_speed,0.4911029187977499,1.0174253497361498,453,OT,4.517248838548838,0.5010031625179469,4.456008039606503,0.23755584143667555,47
50,top_speed,0.4911029187977499,1.0174253497361498,453,EDGE,6.075005554440879,0.549970753237291,6.055442027079796,0.414475435627252,71
50,top_speed,0.4911029187977499,1.0174253497361498,453,CB,7.624400282510843,0.5048676167488491,7.59098463134793,0.29528494152970775,64
50,top_speed,0.4911029187977499,1.0174253497361498,453,TE,7.49528570545126,0.3770119833377623,7.638355999312197,0.33386410382657655,23
50,top_speed,0.4911029187977499,1.0174253497361498,453,WR,8.642748308065071,0.4699128741724063,8.641805025663382,0.3506881220270809,96
50,burst,0.5143674477544211,1.0412173759017518,453,EDGE,5.364014662164471,0.50984214989753,5.335865084999442,0.4560262765199347,71
50,burst,0.5143674477544211,1.0412173759017518,453,IOL,3.877391173606375,0.41894112472738065,3.844229723947624,0.2443179092062298,66
50,burst,0.5143674477544211,1.0412173759017518,453,WR,6.136614903331714,0.3017300964947219,6.1289218645773085,0.23907148355147684,96
50,burst,0.5143674477544211,1.0412173759017518,453,CB,5.712650374505259,0.4468685747369049,5.647354596266594,0.31806863387721696,64
50,burst,0.5143674477544211,1.0412173759017518,453,TE,5.448934073353591,0.26154662207175955,5.481899026642159,0.31482822490635765,23
50,burst,0.5143674477544211,1.0412173759017518,453,IDL,4.508809026924665,0.4282318506867917,4.492408441969156,0.26646738199706094,37
50,burst,0.5143674477544211,1.0412173759017518,453,S,5.879767575556401,0.40214595910160855,5.893266611333349,0.2968933525901915,49
50,burst,0.5143674477544211,1.0412173759017518,453,OT,4.017707584441798,0.29261831327428983,4.102780591263995,0.25618023725057987,47
50,brake,0.3281808094445223,1.2249577063737997,453,TE,5.242364926593271,0.5496068169714793,5.2979887164099555,0.4748015489614515,23
50,brake,0.3281808094445223,1.2249577063737997,453,IOL,3.658853873628823,0.3531322320842164,3.52528026478104,0.18757953179293246,66
50,brake,0.3281808094445223,1.2249577063737997,453,OT,3.8727305919475503,0.3446445379337723,3.823494445358265,0.22704722314091957,47
50,brake,0.3281808094445223,1.2249577063737997,453,EDGE,4.910372930652837,0.5849428266176622,4.864467098997861,0.42571412914779333,71
50,brake,0.3281808094445223,1.2249577063737997,453,CB,5.662040297023049,0.559556666687767,5.626155531905926,0.3336304915024635,64
50,brake,0.3281808094445223,1.2249577063737997,453,WR,6.131313831164401,0.6291294558790851,6.15073816258483,0.3733752134714077,96
50,brake,0.3281808094445223,1.2249577063737997,453,IDL,4.127980690383849,0.348005719314327,4.091781927842931,0.2874941463540109,37
50,brake,0.3281808094445223,1.2249577063737997,453,S,5.749627608942087,0.5496413249636773,5.75793897906077,0.3662115512570375,49
50,bend,0.5121282970951972,1.0795432977969055,453,WR,6.67694555599308,0.46695391631418187,6.736467842006182,0.34375740591918813,96
50,bend,0.5121282970951972,1.0795432977969055,453,EDGE,5.212191694864255,0.6290126163021217,5.167580407013838,0.5720090755566463,71
50,bend,0.5121282970951972,1.0795432977969055,453,CB,6.2850511283202035,0.4287180881853197,6.199717009614537,0.27186268319367357,64
50,bend,0.5121282970951972,1.0795432977969055,453,TE,6.180852861107988,0.46630933652738654,6.058984531284075,0.329075284012385,23
50,bend,0.5121282970951972,1.0795432977969055,453,IOL,3.3995098407009228,0.3235135408539463,3.4398667736128843,0.21794411110042536,66
50,bend,0.5121282970951972,1.0795432977969055,453,IDL,4.062746523386525,0.5558443232875555,4.188290263846572,0.27709620248586136,37
50,bend,0.5121282970951972,1.0795432977969055,453,S,6.353617262684786,0.4883973685014893,6.296323881483025,0.32635708442635003,49
50,bend,0.5121282970951972,1.0795432977969055,453,OT,3.685420967080282,0.38138617674087455,3.7208186674533534,0.22458798569542635,47
75,top_speed,0.5570624158990305,1.0558580535403481,429,IOL,4.504484949528764,0.4388555130099815,4.432372722561349,0.27986503719339084,62
75,top_speed,0.5570624158990305,1.0558580535403481,429,S,7.351639468306554,0.3405180089874355,7.3599717813996355,0.17946456412041836,47
75,top_speed,0.5570624158990305,1.0558580535403481,429,TE,7.516813707813282,0.30622859610775366,7.599853990693794,0.2525643711663999,19
75,top_speed,0.5570624158990305,1.0558580535403481,429,IDL,5.402914243542585,0.4292785350837213,5.390573931535828,0.3110166129967287,35
75,top_speed,0.5570624158990305,1.0558580535403481,429,WR,8.662364596212374,0.4410679057408493,8.625049982795506,0.36710789598086413,91
75,top_speed,0.5570624158990305,1.0558580535403481,429,OT,4.541277131602183,0.40064909313133407,4.4495995146329745,0.24343605353674727,47
75,top_speed,0.5570624158990305,1.0558580535403481,429,EDGE,6.070800567102623,0.5329850644715647,6.019537914902496,0.3948996568995589,66
75,top_speed,0.5570624158990305,1.0558580535403481,429,CB,7.600349193430112,0.4285466124167064,7.620015804166572,0.2777916838136765,62
75,burst,0.5555179560000975,0.9829722675474853,429,OT,4.0381272621726,0.2713225722761776,4.110411741473973,0.2787478327535519,47
75,burst,0.5555179560000975,0.9829722675474853,429,CB,5.6876837510076825,0.39798047318854773,5.645207622102489,0.3143068335292624,62
75,burst,0.5555179560000975,0.9829722675474853,429,EDGE,5.380074680460716,0.4995312913208614,5.327134503477025,0.46384495559138017,66
75,burst,0.5555179560000975,0.9829722675474853,429,S,5.909336533514223,0.39184693113238994,5.923455372397418,0.31023768798243917,47
75,burst,0.5555179560000975,0.9829722675474853,429,IDL,4.514164171003485,0.3533165159431104,4.491584672772007,0.27706297106427535,35
75,burst,0.5555179560000975,0.9829722675474853,429,WR,6.126796023015991,0.27612697582218626,6.127398201199849,0.23817663570024164,91
75,burst,0.5555179560000975,0.9829722675474853,429,IOL,3.875823553494161,0.36803127176964295,3.838336642454014,0.2510595306899655,62
75,burst,0.5555179560000975,0.9829722675474853,429,TE,5.462388884241408,0.24864530677178537,5.461454579382896,0.2916679438821976,19
75,brake,0.3775920061070214,1.1899563727561149,429,OT,3.888561436224362,0.2831549388910296,3.818867980819035,0.2351638258694369,47
75,brake,0.3775920061070214,1.1899563727561149,429,WR,6.141645220057109,0.5247197723910635,6.1517264225496335,0.38340495108363204,91
75,brake,0.3775920061070214,1.1899563727561149,429,IOL,3.617041102834741,0.27911779934174263,3.5257359895900002,0.18244921485112015,62
75,brake,0.3775920061070214,1.1899563727561149,429,EDGE,4.941213676641265,0.5652754576299539,4.8452445227865155,0.43206587329372764,66
75,brake,0.3775920061070214,1.1899563727561149,429,S,5.806512679948491,0.4939662252049564,5.759038022616678,0.3766215797379034,47
75,brake,0.3775920061070214,1.1899563727561149,429,TE,5.387612190293775,0.48170084982431327,5.327171169061528,0.37542813854567475,19
75,brake,0.3775920061070214,1.1899563727561149,429,CB,5.664849842793582,0.4861464539016315,5.632202984597097,0.3315164429377482,62
75,brake,0.3775920061070214,1.1899563727561149,429,IDL,4.140830394710358,0.3070589235090639,4.116668255577473,0.2908919080101819,35
75,bend,0.5204428003292879,1.0538402293818683,429,TE,6.158423724024224,0.3764460895208452,6.097360720506919,0.28252487381350067,19
75,bend,0.5204428003292879,1.0538402293818683,429,IOL,3.4349711439955284,0.32677091071592873,3.431679680288268,0.21605463751192866,62
75,bend,0.5204428003292879,1.0538402293818683,429,EDGE,5.175704539785435,0.6683924799417542,5.158377265341108,0.573771604402322,66
75,bend,0.5204428003292879,1.0538402293818683,429,CB,6.283476915455952,0.37534929468793904,6.2033845943838,0.2583790250894921,62
75,bend,0.5204428003292879,1.0538402293818683,429,OT,3.708648644787115,0.31856370040951226,3.7187344498652872,0.23120638685612685,47
75,bend,0.5204428003292879,1.0538402293818683,429,S,6.442106454266723,0.3710526201237836,6.299845961706584,0.3340166805432542,47
75,bend,0.5204428003292879,1.0538402293818683,429,WR,6.715854726575823,0.41407844080155953,6.727186449831913,0.35236602301222764,91
75,bend,0.5204428003292879,1.0538402293818683,429,IDL,4.11426136642422,0.492051549333773,4.200030284610748,0.28741727112731363,35
100,top_speed,0.5634633159579748,1.047708739922039,408,IOL,4.502089596001418,0.39686358814190237,4.427016643661093,0.28250439493888574,61
100,top_speed,0.5634633159579748,1.047708739922039,408,S,7.379076707872671,0.32428918373446425,7.351071939626128,0.17683017658316527,46
100,top_speed,0.5634633159579748,1.047708739922039,408,CB,7.632201375295551,0.43302606414010586,7.634851672126129,0.30001995159451833,59
100,top_speed,0.5634633159579748,1.047708739922039,408,TE,7.5238247423128115,0.30050906910643904,7.597385920803171,0.2579625248655485,17
100,top_speed,0.5634633159579748,1.047708739922039,408,OT,4.534601736913621,0.3557734818558294,4.455829837771714,0.2453797386775991,46
100,top_speed,0.5634633159579748,1.047708739922039,408,EDGE,6.03763389598785,0.4687555101880424,5.994342446459168,0.4074362025965392,62
100,top_speed,0.5634633159579748,1.047708739922039,408,WR,8.639129391253638,0.4222590472673921,8.625636296008022,0.35218609533482215,84
100,top_speed,0.5634633159579748,1.047708739922039,408,IDL,5.408461068791297,0.4172092049206419,5.384464669775568,0.3215884121890053,33
100,burst,0.6150781919742503,1.0307134890715859,408,EDGE,5.370085484804738,0.4870589072364348,5.303420702513804,0.4759759400029484,62
100,burst,0.6150781919742503,1.0307134890715859,408,IDL,4.48815619500705,0.2887500111337584,4.473380134151224,0.2789201449487905,33
100,burst,0.6150781919742503,1.0307134890715859,408,TE,5.469808383590957,0.26351356565158157,5.396001983314067,0.2668197598485572,17
100,burst,0.6150781919742503,1.0307134890715859,408,WR,6.125743032061221,0.26342667917981827,6.130453071365802,0.24234350869053117,84
100,burst,0.6150781919742503,1.0307134890715859,408,S,5.958074812037114,0.34343046056210547,5.877193284367823,0.24790570451485383,46
100,burst,0.6150781919742503,1.0307134890715859,408,OT,4.06594013009649,0.2534302093726693,4.114004534016702,0.30027352706011085,46
100,burst,0.6150781919742503,1.0307134890715859,408,CB,5.700272545444821,0.398565663467663,5.6225589900119415,0.31383325834794085,59
100,burst,0.6150781919742503,1.0307134890715859,408,IOL,3.881633576065368,0.3289721418507964,3.8250551901980083,0.2532394899034551,61
100,brake,0.4069825440144295,1.20109219621857,408,OT,3.8890160176315725,0.2796824723373099,3.8321395148103994,0.23266132654241387,46
100,brake,0.4069825440144295,1.20109219621857,408,S,5.856363560365081,0.40969894111523586,5.730652817831712,0.3571412931725298,46
100,brake,0.4069825440144295,1.20109219621857,408,CB,5.693352669870144,0.4690763880009696,5.593945609526922,0.33865115723529854,59
100,brake,0.4069825440144295,1.20109219621857,408,WR,6.196315240510994,0.501441900240796,6.158706175813395,0.38616684214093383,84
100,brake,0.4069825440144295,1.20109219621857,408,TE,5.398683139075473,0.36706737658307875,5.327088901951481,0.36835168615231645,17
100,brake,0.4069825440144295,1.20109219621857,408,IOL,3.6066262413851846,0.24570773047642397,3.523284454949996,0.18769653546297474,61
100,brake,0.4069825440144295,1.20109219621857,408,IDL,4.113280331295406,0.2749376178923055,4.105525438467189,0.290674591117036,33
100,brake,0.4069825440144295,1.20109219621857,408,EDGE,4.9309584601656296,0.5562172597512998,4.831600710354446,0.43528439027914045,62
100,bend,0.56830200056523,1.006606566987265,408,WR,6.7349039074469506,0.39733126610592195,6.733819674013991,0.3597566142878174,84
100,bend,0.56830200056523,1.006606566987265,408,OT,3.7696832231863575,0.27412125565711165,3.7191415038403934,0.23122926754101292,46
100,bend,0.56830200056523,1.006606566987265,408,S,6.419518893504024,0.37857546411717286,6.280887095829067,0.30832361733743585,46
100,bend,0.56830200056523,1.006606566987265,408,IDL,4.149117546454147,0.4312348245503907,4.206477462541501,0.3003547280279731,33
100,bend,0.56830200056523,1.006606566987265,408,CB,6.295411650691894,0.36411426843626604,6.198390364743512,0.27845637005950824,59
100,bend,0.56830200056523,1.006606566987265,408,EDGE,5.236711813620973,0.664542767551196,5.134727362335859,0.5824314447949217,62
100,bend,0.56830200056523,1.006606566987265,408,TE,6.17566769445493,0.3092373752211903,6.115798933990221,0.25063129680815016,17
100,bend,0.56830200056523,1.006606566987265,408,IOL,3.4313824891700997,0.3072491803653135,3.426353591826445,0.20729184879852874,61
150,top_speed,0.5858462939816779,0.9616741889871533,365,IOL,4.439242331020725,0.30807815349225653,4.429899274147179,0.29533621053687115,61
150,top_speed,0.5858462939816779,0.9616741889871533,365,S,7.393388054259308,0.3028320810849441,7.34639694521866,0.18936294190440592,44
150,top_speed,0.5858462939816779,0.9616741889871533,365,TE,7.642046544041908,0.16359143544613844,7.662814959068111,0.19912500150794016,12
150,top_speed,0.5858462939816779,0.9616741889871533,365,EDGE,6.035477568317467,0.44563676808579483,5.973119776606885,0.3946310879138931,51
150,top_speed,0.5858462939816779,0.9616741889871533,365,OT,4.505398352187312,0.2757268535636884,4.4499519652711275,0.2634958015364379,46
150,top_speed,0.5858462939816779,0.9616741889871533,365,CB,7.667266757903777,0.3710617985391697,7.622647165458943,0.28046836673718056,54
150,top_speed,0.5858462939816779,0.9616741889871533,365,IDL,5.422506189210558,0.3378396045774342,5.305349690807128,0.32345099388421017,28
150,top_speed,0.5858462939816779,0.9616741889871533,365,WR,8.600228516978959,0.3739826721824956,8.585986669046987,0.3531223267572929,69
150,burst,0.6041175325165837,0.9405453440309705,365,IOL,3.8627474612562325,0.29553237130463433,3.82448285000386,0.26336566157821106,61
150,burst,0.6041175325165837,0.9405453440309705,365,EDGE,5.407913882128675,0.5719884161441484,5.329178655932366,0.4815527814382222,51
150,burst,0.6041175325165837,0.9405453440309705,365,WR,6.120453843988309,0.22197877171861577,6.1298378309853225,0.22555440479892838,69
150,burst,0.6041175325165837,0.9405453440309705,365,IDL,4.497989842460707,0.25909464998197856,4.452826256584225,0.29672441979160025,28
150,burst,0.6041175325165837,0.9405453440309705,365,S,5.945460855481579,0.3192725481836952,5.867755080708053,0.2766798237558473,44
150,burst,0.6041175325165837,0.9405453440309705,365,CB,5.7057797293503425,0.3729145077155967,5.633686124193043,0.3262304276148962,54
150,burst,0.6041175325165837,0.9405453440309705,365,OT,4.105716664512221,0.25271671463449175,4.107626922035894,0.3184410182993278,46
150,burst,0.6041175325165837,0.9405453440309705,365,TE,5.475091648097305,0.25578254745801204,5.4893599322445965,0.19703545173390763,12
150,brake,0.44792708097707623,1.1115724254693686,365,IDL,4.0610779599930655,0.23110532845076154,4.087254247099648,0.25570456702832184,28
150,brake,0.44792708097707623,1.1115724254693686,365,CB,5.704605645576813,0.43170660737608063,5.591524918855503,0.3123936971989494,54
150,brake,0.44792708097707623,1.1115724254693686,365,OT,3.898254659337124,0.2499845078662943,3.819637194173127,0.2577878561975903,46
150,brake,0.44792708097707623,1.1115724254693686,365,TE,5.465191458582627,0.28735872745832053,5.2777484876921585,0.28754841942925724,12
150,brake,0.44792708097707623,1.1115724254693686,365,EDGE,4.918431075733943,0.5274512217857711,4.833099304775096,0.4086319899418335,51
150,brake,0.44792708097707623,1.1115724254693686,365,IOL,3.5870996699034956,0.21915004052363346,3.519400898143885,0.19757542677733908,61
150,brake,0.44792708097707623,1.1115724254693686,365,WR,6.2707612777769715,0.4624417782062484,6.156066671932037,0.4140242462288017,69
150,brake,0.44792708097707623,1.1115724254693686,365,S,5.850098853126891,0.34957958078266704,5.727252485618487,0.3681003571330816,44
150,bend,0.5981268941441552,0.9163640048854902,365,IOL,3.4339522750317397,0.25507930132404877,3.420720396237883,0.20028965352558425,61
150,bend,0.5981268941441552,0.9163640048854902,365,S,6.375291245032471,0.35793638131963096,6.290729460245867,0.3234007129259338,44
150,bend,0.5981268941441552,0.9163640048854902,365,CB,6.261242770318088,0.2925033596786046,6.221472348813758,0.2815647972375873,54
150,bend,0.5981268941441552,0.9163640048854902,365,WR,6.7594097076553235,0.3596348334850692,6.7623976008234115,0.37809910249415546,69
150,bend,0.5981268941441552,0.9163640048854902,365,EDGE,5.322239495851456,0.6228432071782208,5.174794854940297,0.5628623690337514,51
150,bend,0.5981268941441552,0.9163640048854902,365,OT,3.754629711148177,0.2601695971032126,3.7184641672152456,0.24991667859065653,46
150,bend,0.5981268941441552,0.9163640048854902,365,IDL,4.19354040253029,0.3909390050792757,4.126299298744729,0.2617620624534983,28
150,bend,0.5981268941441552,0.9163640048854902,365,TE,6.234169745049808,0.25778261646717143,6.130339041952319,0.1697899955509545,12
200,top_speed,0.6307166990090242,0.885381795407939,324,EDGE,5.958982106585757,0.4015531752007617,5.9373935795281785,0.37729016096565254,46
200,top_speed,0.6307166990090242,0.885381795407939,324,WR,8.604398322175115,0.3384049726682585,8.586673516217598,0.32117534531549274,53
200,top_speed,0.6307166990090242,0.885381795407939,324,IDL,5.4036918262019,0.3296818127505034,5.270850786175246,0.30582427892529696,23
200,top_speed,0.6307166990090242,0.885381795407939,324,IOL,4.445786689447224,0.2917586588670393,4.437595831431926,0.3020393728847031,59
200,top_speed,0.6307166990090242,0.885381795407939,324,S,7.384697866709276,0.24634592253656917,7.310355716406962,0.1911874022558457,42
200,top_speed,0.6307166990090242,0.885381795407939,324,OT,4.503978240578003,0.25025072896438805,4.418088128757075,0.2411870612572271,45
200,top_speed,0.6307166990090242,0.885381795407939,324,CB,7.674320732735013,0.3358116526340818,7.62757555033748,0.3216293169796692,48
200,top_speed,0.6307166990090242,0.885381795407939,324,TE,7.62615082509956,0.19130312612638312,7.755838002935427,0.22937913789807202,8
200,burst,0.615046088731808,0.8833031959999087,324,EDGE,5.369905812545402,0.5031020974410547,5.322948131976732,0.5162640448726334,46
200,burst,0.615046088731808,0.8833031959999087,324,TE,5.370822318590029,0.25580237906607217,5.472095420604812,0.19669392839015173,8
200,burst,0.615046088731808,0.8833031959999087,324,CB,5.680434240248336,0.3158685821007257,5.59859563438275,0.33117653303673183,48
200,burst,0.615046088731808,0.8833031959999087,324,WR,6.1233765338977415,0.22516051995179748,6.12562445842912,0.27668480687749686,53
200,burst,0.615046088731808,0.8833031959999087,324,OT,4.087652798191887,0.23437133620941591,4.061570071286852,0.22637008349545515,45
200,burst,0.615046088731808,0.8833031959999087,324,S,5.950324328288549,0.28128924396100435,5.870926956980647,0.2598845285663035,42
200,burst,0.615046088731808,0.8833031959999087,324,IOL,3.865672464573195,0.24868077267092228,3.830196468088892,0.2701590939738685,59
200,burst,0.615046088731808,0.8833031959999087,324,IDL,4.524563638534607,0.25345787271038106,4.506100777133045,0.2791632133782624,23
200,brake,0.537848060472641,1.0615306793743893,324,IOL,3.588564161882329,0.2077049128800833,3.5206769662170285,0.18952344483901695,59
200,brake,0.537848060472641,1.0615306793743893,324,CB,5.670101478826215,0.3840953828694236,5.580133700326233,0.33170809336079765,48
200,brake,0.537848060472641,1.0615306793743893,324,S,5.866310995925518,0.3360182849578629,5.7022889294088985,0.3756753322994723,42
200,brake,0.537848060472641,1.0615306793743893,324,WR,6.21729285495887,0.40792070301266664,6.105750007578292,0.3732278453654506,53
200,brake,0.537848060472641,1.0615306793743893,324,EDGE,4.8867926167917135,0.49463678989034254,4.810316229465525,0.4334576079285178,46
200,brake,0.537848060472641,1.0615306793743893,324,OT,3.877191077778659,0.21714776436092093,3.783730157323867,0.25539925386995715,45
200,brake,0.537848060472641,1.0615306793743893,324,TE,5.450583183504041,0.2583228017371008,5.391319069776033,0.2604620909818052,8
200,brake,0.537848060472641,1.0615306793743893,324,IDL,4.083762083716009,0.22013421283566378,4.037893182173016,0.23880527472418775,23
200,bend,0.5969678220050202,1.0061510412107577,324,CB,6.26211063326572,0.29622124494227536,6.203007525557834,0.2688745520617669,48
200,bend,0.5969678220050202,1.0061510412107577,324,OT,3.778453913475558,0.2614036240824722,3.6762216236218492,0.22162859550481184,45
200,bend,0.5969678220050202,1.0061510412107577,324,EDGE,5.240558043088356,0.6137972982158842,5.136538328363933,0.576510855798013,46
200,bend,0.5969678220050202,1.0061510412107577,324,IDL,4.183343519007186,0.3553684018762416,4.099845786681097,0.27088329016631846,23
200,bend,0.5969678220050202,1.0061510412107577,324,WR,6.766564654821438,0.3406082433921211,6.770293834047145,0.35797786394813935,53
200,bend,0.5969678220050202,1.0061510412107577,324,S,6.3691558288823815,0.34474417281168723,6.305626627290099,0.3137470236041467,42
200,bend,0.5969678220050202,1.0061510412107577,324,IOL,3.4310179784587977,0.2541891573622017,3.43053600540862,0.21246635273921802,59
200,bend,0.5969678220050202,1.0061510412107577,324,TE,6.199838699617617,0.3069849153116292,6.137587119669677,0.2438035859851109,8
300,top_speed,0.6713372022178622,0.9120029862373483,251,EDGE,5.954896406840036,0.4033514091304311,5.919673380866606,0.3819917502532501,42
300,top_speed,0.6713372022178622,0.9120029862373483,251,WR,8.585820249371785,0.27583307041949007,8.58304323032828,0.3122364233475937,32
300,top_speed,0.6713372022178622,0.9120029862373483,251,OT,4.488083193415153,0.21354959293125617,4.41283674606935,0.2488212818333794,36
300,top_speed,0.6713372022178622,0.9120029862373483,251,TE,7.755532345351032,0.1649718949943018,7.920825311279034,0.21957938399934837,3
300,top_speed,0.6713372022178622,0.9120029862373483,251,IOL,4.465365007841726,0.2964133283815713,4.416651441745346,0.3126218427111034,49
300,top_speed,0.6713372022178622,0.9120029862373483,251,S,7.333608561935803,0.21630575227973406,7.326048346672067,0.24982024317197485,32
300,top_speed,0.6713372022178622,0.9120029862373483,251,IDL,5.380287246061541,0.3267184457237669,5.223421799202719,0.3313479384913219,18
300,top_speed,0.6713372022178622,0.9120029862373483,251,CB,7.622078331386671,0.2896025757543188,7.583696463824863,0.3133974231627508,42
300,burst,0.7148364748000238,0.8692574057677821,251,IOL,3.8726183795359206,0.243533157301966,3.7952263035765292,0.2684126816510799,49
300,burst,0.7148364748000238,0.8692574057677821,251,EDGE,5.366394022926313,0.4432197141904512,5.332433330179571,0.5263193891370872,42
300,burst,0.7148364748000238,0.8692574057677821,251,CB,5.680834646224973,0.29765591477048303,5.597821936247646,0.33560996967395285,42
300,burst,0.7148364748000238,0.8692574057677821,251,OT,4.089905746478997,0.1931174923625156,4.093552835888662,0.24049826850716535,36
300,burst,0.7148364748000238,0.8692574057677821,251,IDL,4.543504755436028,0.2597939338142117,4.454710840634694,0.28445554069975604,18
300,burst,0.7148364748000238,0.8692574057677821,251,S,5.915294625247609,0.25362298131540534,5.823882010840746,0.2504720426097703,32
300,burst,0.7148364748000238,0.8692574057677821,251,TE,5.649468719467078,0.2820980930069983,5.4271787754491365,0.08836483991118654,3
300,burst,0.7148364748000238,0.8692574057677821,251,WR,6.122469832962438,0.2170306142895514,6.126318371233215,0.26874593978281364,32
300,brake,0.5915589527131342,1.0344699562748763,251,WR,6.280374599731621,0.3822927514446002,6.1731119728677415,0.3715463291152231,32
300,brake,0.5915589527131342,1.0344699562748763,251,EDGE,4.862661467056457,0.44439570633488523,4.773533996509902,0.43019310714660225,42
300,brake,0.5915589527131342,1.0344699562748763,251,S,5.824277906212957,0.3327737536986759,5.631132510521606,0.3428932846885608,32
300,brake,0.5915589527131342,1.0344699562748763,251,OT,3.8515965582858183,0.2281542686471489,3.7845181942096286,0.23510438337757222,36
300,brake,0.5915589527131342,1.0344699562748763,251,IOL,3.586114962062591,0.21607389604003935,3.479623779215137,0.19070734448221247,49
300,brake,0.5915589527131342,1.0344699562748763,251,IDL,4.1369481180423335,0.16327005234634576,3.9858305345088607,0.22547795158157613,18
300,brake,0.5915589527131342,1.0344699562748763,251,CB,5.630361662699016,0.31227130783034235,5.538960980051236,0.3798879912582695,42
300,brake,0.5915589527131342,1.0344699562748763,251,TE,5.593145777579546,0.07164971439499361,5.361024130058901,0.42351005088948657,3
300,bend,0.6565778385758018,0.9718452440713782,251,TE,6.216847643083557,0.2834916642220365,6.08542285093488,0.10381727750689677,3
300,bend,0.6565778385758018,0.9718452440713782,251,IDL,4.170681677266972,0.33905122654401115,4.055650949444793,0.29282203972098586,18
300,bend,0.6565778385758018,0.9718452440713782,251,WR,6.839209670338308,0.2893259812383547,6.802140234216078,0.37731729758655314,32
300,bend,0.6565778385758018,0.9718452440713782,251,EDGE,5.245582956117503,0.571433876758941,5.144557331716088,0.547022462496829,42
300,bend,0.6565778385758018,0.9718452440713782,251,OT,3.7764490637760884,0.2467847200842056,3.653243812414667,0.2138582263186015,36
300,bend,0.6565778385758018,0.9718452440713782,251,IOL,3.4372780437637287,0.22937629195667347,3.3992625565634773,0.21638290341409708,49
300,bend,0.6565778385758018,0.9718452440713782,251,CB,6.205201033410708,0.27731537663473527,6.166985381162039,0.28292066714051284,42
300,bend,0.6565778385758018,0.9718452440713782,251,S,6.31547957640725,0.33706359655795565,6.235251326311741,0.3115581693743962,32
