role,trait,snap_bin,half,k
OT,top_speed,1,1.0916549326662015,26
OT,brake,2,1.3394171553976857,81
IOL,bend,0,1.3142242085160838,20
CB,bend,4,1.33383415119631,374
OT,bend,1,1.1394203345879748,26
IDL,bend,4,1.1196231131244194,137
OT,brake,3,1.1942502248940967,113
EDGE,top_speed,0,1.2537972323545614,68
IDL,bend,2,1.2312849854896948,86
IOL,bend,3,1.2470793622643004,150
OT,top_speed,3,0.9959156339805084,113
OT,brake,4,1.0836984457922916,393
TE,brake,4,1.1609122058597183,31
TE,top_speed,2,1.0456345441016375,68
EDGE,top_speed,2,1.0456345441016375,137
OT,burst,0,1.2902207055214756,12
WR,bend,2,1.178316755995312,225
S,burst,2,1.214728765753469,87
EDGE,burst,2,1.214728765753469,137
IDL,brake,4,1.1609122058597183,137
IOL,brake,4,1.0917709865527951,546
OT,top_speed,0,1.2537972323545614,12
WR,burst,4,0.7824020950546091,275
IOL,brake,1,1.3047339403143212,28
OT,burst,1,1.158863655974401,26
CB,bend,3,1.4628071767461102,171
EDGE,burst,1,1.158863655974401,77
TE,brake,1,1.3047339403143212,51
IDL,top_speed,2,1.0456345441016375,86
WR,brake,2,1.4252199771105916,225
CB,brake,1,1.3047339403143212,48
TE,burst,3,1.0692967507536357,49
OT,burst,2,1.214728765753469,81
TE,burst,2,1.214728765753469,68
EDGE,brake,4,0.7699327552698221,381
S,top_speed,3,0.9959156339805084,122
IOL,burst,0,1.2902207055214756,20
EDGE,bend,4,0.7301460613353421,381
EDGE,bend,1,1.1394203345879748,77
OT,top_speed,4,0.9601095612131634,393
WR,top_speed,4,1.0984668479851667,275
CB,brake,3,1.298933191499449,171
S,bend,0,1.3142242085160838,42
CB,top_speed,3,0.9511273825536908,171
S,bend,3,1.0529115224513985,122
IOL,top_speed,4,1.0001230909157317,546
WR,burst,1,1.1365888304079625,160
WR,top_speed,1,1.0076835703115705,160
CB,burst,2,1.214728765753469,103
S,brake,4,1.0150437340864493,316
IDL,burst,0,1.2902207055214756,42
CB,top_speed,1,1.0916549326662015,48
OT,bend,2,1.2312849854896948,81
IOL,top_speed,3,1.4715670898932312,150
IOL,bend,1,1.1394203345879748,28
IDL,brake,3,1.1942502248940967,129
S,top_speed,4,1.136710173123163,316
IOL,burst,1,1.158863655974401,28
OT,bend,4,0.9926173174026891,393
S,top_speed,1,1.0916549326662015,54
CB,bend,0,1.3142242085160838,40
S,top_speed,0,1.2537972323545614,42
IDL,top_speed,1,1.0916549326662015,46
IDL,bend,3,1.0529115224513985,129
IOL,brake,3,0.9651218263487666,150
TE,bend,0,1.3142242085160838,42
CB,burst,0,1.2902207055214756,40
EDGE,brake,3,1.0418442755511332,185
IOL,bend,2,1.2312849854896948,93
WR,burst,2,1.2686257087032495,225
CB,bend,2,1.2312849854896948,103
IOL,brake,2,1.3394171553976857,93
S,bend,1,1.1394203345879748,54
TE,burst,4,1.0550897032903777,31
CB,brake,0,1.4623427848573005,40
S,brake,0,1.4623427848573005,42
IDL,brake,0,1.4623427848573005,42
CB,burst,4,1.114786469172487,374
IOL,brake,0,1.4623427848573005,20
WR,brake,0,1.4623427848573005,109
WR,bend,4,1.0314101060570096,275
S,brake,1,1.3047339403143212,54
IDL,brake,2,1.3394171553976857,86
EDGE,brake,0,1.4623427848573005,68
CB,burst,3,1.0599535032600835,171
WR,top_speed,0,1.2537972323545614,109
EDGE,burst,4,0.7387197370129213,381
WR,brake,4,1.4028870900419141,275
EDGE,bend,2,1.2312849854896948,137
EDGE,brake,1,1.3047339403143212,77
S,brake,3,1.1942502248940967,122
EDGE,top_speed,3,0.8742913657858531,185
TE,brake,3,1.1942502248940967,49
IOL,burst,4,0.7973640301464473,546
IDL,top_speed,0,1.2537972323545614,42
IOL,top_speed,0,1.2537972323545614,20
CB,bend,1,1.1394203345879748,48
CB,brake,2,1.3394171553976857,103
EDGE,brake,2,1.3394171553976857,137
S,bend,4,0.8300868393701661,316
OT,brake,1,1.3047339403143212,26
TE,brake,0,1.4623427848573005,42
IDL,burst,4,1.0550897032903777,137
CB,burst,1,1.158863655974401,48
WR,brake,3,1.3815249688942262,296
WR,top_speed,2,1.0760223622631515,225
S,brake,2,1.3394171553976857,87
TE,top_speed,4,1.05302946856353,31
EDGE,bend,3,0.7661445083706475,185
TE,top_speed,0,1.2537972323545614,42
S,burst,4,1.4770740116404235,316
IDL,burst,2,1.214728765753469,86
TE,top_speed,3,0.9959156339805084,49
OT,burst,3,1.0692967507536357,113
WR,bend,1,1.0841691482321,160
TE,burst,0,1.2902207055214756,42
IDL,bend,0,1.3142242085160838,42
TE,brake,2,1.3394171553976857,68
S,burst,1,1.158863655974401,54
EDGE,top_speed,1,1.0916549326662015,77
WR,brake,1,1.289951880528421,160
TE,bend,3,1.0529115224513985,49
IDL,burst,3,1.0692967507536357,129
CB,top_speed,2,1.0456345441016375,103
WR,bend,0,1.3142242085160838,109
S,burst,0,1.2902207055214756,42
WR,burst,3,0.9708147051373953,296
WR,bend,3,0.9767921845857994,296
IOL,top_speed,2,1.0456345441016375,93
TE,bend,4,1.1196231131244194,31
WR,burst,0,1.2902207055214756,109
EDGE,burst,3,0.7655989992335394,185
OT,burst,4,1.0679269280035357,393
OT,brake,0,1.4623427848573005,12
CB,top_speed,0,1.2537972323545614,40
IOL,burst,3,1.4550609453332468,150
CB,top_speed,4,1.0316743641540402,374
S,burst,3,1.0692967507536357,122
WR,top_speed,3,0.8167964975920192,296
S,bend,2,1.2312849854896948,87
IDL,bend,1,1.1394203345879748,46
EDGE,bend,0,1.3142242085160838,68
IOL,bend,4,1.1942235906985865,546
TE,top_speed,1,1.0916549326662015,51
EDGE,burst,0,1.2902207055214756,68
OT,top_speed,2,1.0456345441016375,81
TE,bend,2,1.2312849854896948,68
IOL,burst,2,1.214728765753469,93
IDL,brake,1,1.3047339403143212,46
TE,burst,1,1.158863655974401,51
IDL,burst,1,1.158863655974401,46
IDL,top_speed,3,0.9959156339805084,129
IOL,top_speed,1,1.0916549326662015,28
OT,bend,3,1.0529115224513985,113
OT,bend,0,1.3142242085160838,12
IDL,top_speed,4,1.05302946856353,137
CB,brake,4,1.1983174546654638,374
S,top_speed,2,1.0456345441016375,87
EDGE,top_speed,4,0.8022164417467605,381
TE,bend,1,1.1394203345879748,51
